{
  "cutoff": "2024-12-12 00:00:00",
  "rules": [
    {
      "rule": "RP_a_fractal",
      "n_train": 212958,
      "n_val": 23661,
      "n_holdout": 25018,
      "auc_val": 0.5004788623872369,
      "auc_holdout": 0.49860997676291374,
      "threshold": 0.54,
      "holdout_unfiltered": {
        "name": "holdout_unfiltered",
        "n_trades": 25018,
        "wr": 0.45511231913022626,
        "mean_R": -0.02316107794177612,
        "total_R": -579.443847947355,
        "pf": 0.9460437027819918,
        "trades_per_day": 51.286463708902474
      },
      "holdout_filtered": {
        "name": "holdout_filtered",
        "n_trades": 58,
        "wr": 0.29310344827586204,
        "mean_R": -0.26663147959806316,
        "total_R": -15.464625816687663,
        "pf": 0.4919219444209392,
        "trades_per_day": 0.11889898853291005
      },
      "model_path": "/home/jay/Desktop/new-model-zigzag/experiments/v73_pivot_oracle/models/v73_RP_a_fractal.json"
    },
    {
      "rule": "RP_b_zigzag",
      "n_train": 301317,
      "n_val": 33479,
      "n_holdout": 33992,
      "auc_val": 0.5074572127253767,
      "auc_holdout": 0.5022072688828153,
      "threshold": 0.53,
      "holdout_unfiltered": {
        "name": "holdout_unfiltered",
        "n_trades": 33992,
        "wr": 0.4524888208990351,
        "mean_R": -0.025879992152045277,
        "total_R": -879.7126932323231,
        "pf": 0.940106351806682,
        "trades_per_day": 69.68300721052894
      },
      "holdout_filtered": {
        "name": "holdout_filtered",
        "n_trades": 52,
        "wr": 0.38461538461538464,
        "mean_R": -0.18698363137168592,
        "total_R": -9.723148831327668,
        "pf": 0.6446971909773093,
        "trades_per_day": 0.1065990931674366
      },
      "model_path": "/home/jay/Desktop/new-model-zigzag/experiments/v73_pivot_oracle/models/v73_RP_b_zigzag.json"
    },
    {
      "rule": "RP_c_momdiv",
      "n_train": 39303,
      "n_val": 4367,
      "n_holdout": 4504,
      "auc_val": 0.5224783343257078,
      "auc_holdout": 0.4894364124724502,
      "threshold": 0.46,
      "holdout_unfiltered": {
        "name": "holdout_unfiltered",
        "n_trades": 4504,
        "wr": 0.45426287744227356,
        "mean_R": -0.02172175024547218,
        "total_R": -97.8347631056067,
        "pf": 0.9493966448477792,
        "trades_per_day": 9.234699035346884
      },
      "holdout_filtered": {
        "name": "holdout_filtered",
        "n_trades": 2113,
        "wr": 0.43965925224798863,
        "mean_R": -0.04184725957569043,
        "total_R": -88.42325948343388,
        "pf": 0.9038336197656368,
        "trades_per_day": 4.332353255259317
      },
      "model_path": "/home/jay/Desktop/new-model-zigzag/experiments/v73_pivot_oracle/models/v73_RP_c_momdiv.json"
    },
    {
      "rule": "RP_d_wickrej",
      "n_train": 125302,
      "n_val": 13922,
      "n_holdout": 14532,
      "auc_val": 0.512090051319855,
      "auc_holdout": 0.5088834271814321,
      "threshold": 0.49,
      "holdout_unfiltered": {
        "name": "holdout_unfiltered",
        "n_trades": 14532,
        "wr": 0.44811450591797414,
        "mean_R": -0.0320639844115589,
        "total_R": -465.9538214687739,
        "pf": 0.9260326037692249,
        "trades_per_day": 29.789286375218868
      },
      "holdout_filtered": {
        "name": "holdout_filtered",
        "n_trades": 2050,
        "wr": 0.45463414634146343,
        "mean_R": -0.04288346110547363,
        "total_R": -87.91109526622094,
        "pf": 0.9025978334674161,
        "trades_per_day": 4.202314689595285
      },
      "model_path": "/home/jay/Desktop/new-model-zigzag/experiments/v73_pivot_oracle/models/v73_RP_d_wickrej.json"
    },
    {
      "rule": "RP_e_volclimax",
      "n_train": 15567,
      "n_val": 1729,
      "n_holdout": 1466,
      "auc_val": 0.5153751486490223,
      "auc_holdout": 0.5246724094390977,
      "threshold": 0.56,
      "holdout_unfiltered": {
        "name": "holdout_unfiltered",
        "n_trades": 1466,
        "wr": 0.4645293315143247,
        "mean_R": -0.0071300791709028866,
        "total_R": -10.452696064543632,
        "pf": 0.9836715572760598,
        "trades_per_day": 3.006708350543362
      },
      "holdout_filtered": {
        "name": "holdout_filtered",
        "n_trades": 66,
        "wr": 0.3787878787878788,
        "mean_R": -0.13068181818181818,
        "total_R": -8.625,
        "pf": 0.7309941520467836,
        "trades_per_day": 0.13536340459472163
      },
      "model_path": "/home/jay/Desktop/new-model-zigzag/experiments/v73_pivot_oracle/models/v73_RP_e_volclimax.json"
    }
  ]
}