{
  "A_PROD_binary": {
    "name": "A_PROD_binary",
    "n": 3867,
    "wr": 0.5265063356607189,
    "pf": 2.721996647766129,
    "expect": 0.7224724735456729,
    "total_R": 2793.801055201117,
    "dd": -65.19717740498163,
    "avg_bars": 46.84354797000259,
    "exit_dist": {
      "ml_exit": 2325,
      "sl": 1542
    }
  },
  "B_3class_smart": {
    "name": "B_3class_smart",
    "n": 3867,
    "wr": 0.6583915179725885,
    "pf": 2.5949407984907746,
    "expect": 0.5359102491174631,
    "total_R": 2072.36493333723,
    "dd": -64.04886656194589,
    "avg_bars": 38.727437289888805,
    "exit_dist": {
      "half_then_full": 1560,
      "sl": 1298,
      "ml_full": 974,
      "max_hold": 34,
      "half_then_max": 1
    }
  },
  "label_dist_train": {
    "0": 3837443,
    "1": 1662183,
    "2": 1247433
  },
  "n_train_rows": 6747059
}