{
  "old": {
    "name": "current_exit (90% hold-to-max)",
    "n": 3867,
    "wr": 0.5265063356607189,
    "pf": 2.721996647766129,
    "expect": 0.7224724735456729,
    "total_R": 2793.801055201117,
    "dd": -65.19717740498163,
    "avg_bars": 46.84354797000259,
    "exit_dist": {
      "ml_exit": 2325,
      "sl": 1542
    }
  },
  "new": {
    "name": "peak_exit (NEW)",
    "n": 3867,
    "wr": 0.5265063356607189,
    "pf": 2.73690361388982,
    "expect": 0.7288293057038043,
    "total_R": 2818.3829251566112,
    "dd": -65.19717740498163,
    "avg_bars": 46.78743211792087,
    "exit_dist": {
      "max_hold": 2224,
      "sl": 1543,
      "ml_exit": 100
    }
  },
  "peak_label": {
    "tolerance_R": 0.05,
    "fade_bars": 5,
    "use_soft": true,
    "training_rows": 6748907,
    "positive_rate": 0.027988383896829516
  }
}