{
  "A_PROD_60": {
    "name": "A_PROD_60",
    "n": 3867,
    "wr": 0.5265063356607189,
    "pf": 2.721996647766129,
    "expect": 0.7224724735456729,
    "total_R": 2793.801055201117,
    "dd": -65.19717740498163,
    "avg_bars": 46.84354797000259,
    "exit_dist": {
      "ml_exit": 2325,
      "sl": 1542
    }
  },
  "B_CAP30": {
    "name": "B_CAP30",
    "n": 3867,
    "wr": 0.5836565813291957,
    "pf": 2.601221483670495,
    "expect": 0.46045184731259325,
    "total_R": 1780.5672935577982,
    "dd": -58.14306005595404,
    "avg_bars": 26.69278510473235,
    "exit_dist": {
      "max_hold": 2965,
      "sl": 902
    }
  },
  "C_NEW30": {
    "name": "C_NEW30",
    "n": 3867,
    "wr": 0.5836565813291957,
    "pf": 2.58693357921759,
    "expect": 0.4563431764843171,
    "total_R": 1764.6790634648542,
    "dd": -58.14306005595404,
    "avg_bars": 26.634600465477114,
    "exit_dist": {
      "ml_exit": 2965,
      "sl": 902
    }
  }
}